Data_5,Data_10,Data_15,Data_20,Data_25,Data_30,Data_37
0.03894614428281784,0.09956648200750352,0.1508004069328308,0.2041730135679245,0.2565722763538361,0.3101477026939392,0.3756983280181885
0.048627201467752464,0.09572075307369232,0.16233448684215546,0.1847262978553772,0.2465293407440185,0.3193145990371704,0.3691003620624542
0.035773053765296936,0.08879449963569641,0.1487724632024765,0.1886287033557892,0.2413997054100037,0.2869448959827423,0.35120195150375366
0.039150401949882514,0.0925268679857254,0.1449759006500244,0.1952030956745148,0.2416359484195709,0.29544031620025635,0.3755052387714386
0.06491896510124208,0.07728348672389984,0.14190666377544406,0.210064098238945,0.25107285380363464,0.3104355037212372,0.3636392056941986
0.0456840842962265,0.09009099006652832,0.15889783203601834,0.19302545487880707,0.25294667482376104,0.2956012785434723,0.37608423829078674
0.05992702394723892,0.11181966960430144,0.15335576236248016,0.20266318321228027,0.2677544057369232,0.3049878180027008,0.36456599831581116
0.04813329502940178,0.1041758954524994,0.13591259717941284,0.21570061147212985,0.2652021050453186,0.3050512969493866,0.3863186240196228
0.04349842295050621,0.09122300148010254,0.1652470976114273,0.21022917330265045,0.27197861671447754,0.3077369630336761,0.3647959232330322
0.0358920581638813,0.1023172363638878,0.1398785263299942,0.2154337912797928,0.2455788403749466,0.3005951941013336,0.36260533332824707
0.04570645466446877,0.0883798822760582,0.15391716361045835,0.18866175413131714,0.25074806809425354,0.29806655645370483,0.3840765953063965
0.055392879992723465,0.09889530390501022,0.15688030421733856,0.1839624047279358,0.24630630016326904,0.3005599081516266,0.3727145791053772
0.05468190461397171,0.09108534455299376,0.14321941137313846,0.2130534201860428,0.24913571774959564,0.29182881116867065,0.38248950242996216
0.0430658869445324,0.089255690574646,0.15772143006324768,0.20347997546195984,0.24986374378204346,0.28814977407455444,0.37497445940971375
0.054184343665838235,0.0974934697151184,0.16192743182182312,0.18650157749652865,0.2524442672729492,0.30113834142684937,0.38423243165016174
0.02653098292648793,0.10498204082250596,0.13418252766132355,0.20271266996860504,0.25627803802490234,0.29126501083374023,0.36677244305610657
0.0402035154402256,0.11966118216514587,0.1402987837791443,0.2174970805644989,0.2398108243942261,0.29813551902771,0.375316321849823
0.035863764584064484,0.10770588368177414,0.16564054787158966,0.18480336666107167,0.26114630699157715,0.29558587074279785,0.3706344962120056
0.05286296829581261,0.10369624942541122,0.16574211418628693,0.20571111142635345,0.2477066665887833,0.293077290058136,0.3631649315357208
0.049524448812007904,0.11315831542015076,0.14708629250526428,0.18518730998039248,0.25144702196121216,0.2946028113365173,0.36506950855255127
0.05011149123311043,0.0884118601679802,0.15688450634479525,0.19991035759449005,0.2487030774354935,0.28650107979774475,0.3652624189853668
0.04337112233042717,0.09943903237581253,0.1450885832309723,0.199685886502266,0.2540619373321533,0.3105977177619934,0.38062164187431335
0.03772018477320671,0.08097834140062332,0.14054082334041595,0.21181002259254456,0.2491312623023987,0.30345216393470764,0.36580660939216614
0.04526413232088089,0.09312780201435088,0.13269397616386416,0.19654659926891327,0.2580613195896149,0.2893708050251007,0.3772563338279724
0.05012037232518196,0.09536627680063248,0.14047734439373016,0.21439790725708008,0.2441323697566986,0.29532018303871155,0.3648715913295746
0.05675215646624565,0.11693423986434935,0.15969553589820862,0.20147882401943207,0.25860583782196045,0.2868827283382416,0.36589688062667847
0.049804463982582085,0.09350530058145523,0.15422996878623962,0.1915148347616196,0.2459363788366317,0.3071564733982086,0.36122170090675354
0.06102290749549865,0.10960811376571657,0.15857568383216858,0.18899792432785034,0.2626817226409912,0.2887089848518372,0.3743378221988678
0.05486411973834038,0.09400195628404616,0.1486605703830719,0.20002461969852448,0.2563327550888061,0.2927584648132324,0.34747424721717834
0.04512910544872284,0.09662126749753952,0.15573233366012573,0.20055444538593287,0.242570698261261,0.3059022128582001,0.36322838068008423
0.03700880706310272,0.1063140705227852,0.17268510162830353,0.2019214779138565,0.2303091436624527,0.2918315529823303,0.3778226673603058
0.048523709177970886,0.12754441797733307,0.14035740494728088,0.20446860790252688,0.2494165897369385,0.29429301619529724,0.3649848401546478
0.05364082753658295,0.08924217522144318,0.14134104549884796,0.2096761167049408,0.2584254741668701,0.3141636550426483,0.3796878159046173
0.05260246992111206,0.11222106963396072,0.1355164796113968,0.19693385064601893,0.2545513212680817,0.3020130693912506,0.37354421615600586
0.043680649250745766,0.10863079875707626,0.15194229781627655,0.19763971865177155,0.2462697327136993,0.29524698853492737,0.37844914197921753
0.02959999442100525,0.11015473306179048,0.14803661406040192,0.20209917426109314,0.2439762204885483,0.3036233782768249,0.37574708461761475
0.053301315754652016,0.10630607604980467,0.13747501373291016,0.1985171884298325,0.25402089953422546,0.2917284667491913,0.38305774331092834
0.0654163584113121,0.09928680211305617,0.1448330581188202,0.19687050580978402,0.2524381577968597,0.2951418161392212,0.3826538622379303
0.044466786086559296,0.10243503004312517,0.16785916686058044,0.20901618897914886,0.2518354058265686,0.3120878338813782,0.37492191791534424
0.047022677958011634,0.09155616909265518,0.16037698090076447,0.1946757286787033,0.247853621840477,0.3176065981388092,0.3620963394641876
0.04864196851849556,0.111776165664196,0.16042311489582062,0.18739601969718933,0.2375885397195816,0.29926949739456177,0.3735070824623108
0.044047016650438316,0.10200878232717514,0.16096320748329165,0.20419418811798096,0.2450315654277801,0.2997111678123474,0.3809678256511688
0.04236295074224472,0.1057230979204178,0.16559413075447085,0.19488291442394254,0.23349671065807345,0.3102022111415863,0.38458898663520813
0.051523063331842416,0.10499877482652664,0.1277056336402893,0.2083602398633957,0.2443156838417053,0.2843866646289825,0.38160938024520874
0.04083652049303055,0.08982104063034058,0.13903386890888214,0.1991959512233734,0.2663026452064514,0.3126932680606842,0.39512452483177185
0.035632938146591187,0.09704690426588056,0.14332149922847748,0.19784972071647644,0.25660473108291626,0.321516752243042,0.35742053389549255
0.07140597701072693,0.09834001213312148,0.15878430008888245,0.1920413821935653,0.2354047894477844,0.2807121276855469,0.37425947189331055
0.05094645544886589,0.11500288546085358,0.15508730709552765,0.1961079835891724,0.2290811240673065,0.2989192306995392,0.3765486478805542
0.03638621047139168,0.09659221768379213,0.17118486762046814,0.20385433733463287,0.2524092197418213,0.2876825630664825,0.3771378993988037
0.04637691378593445,0.0901348441839218,0.14798560738563538,0.2181944549083709,0.24659602344036105,0.2946687638759613,0.3775917589664459
0.0456182062625885,0.10809927433729173,0.14630165696144104,0.20209933817386627,0.2648761570453644,0.3046393394470215,0.38343435525894165
0.041913043707609184,0.09833141416311264,0.14889225363731384,0.2010245770215988,0.2403819262981415,0.3028108477592468,0.36307471990585327
0.050992872565984726,0.08596959710121155,0.1461249440908432,0.19103167951107025,0.2299889177083969,0.3019783496856689,0.38105881214141846
0.06852251291275024,0.08711481094360353,0.1617451161146164,0.18262815475463867,0.2487739324569702,0.28326138854026794,0.3657572269439697
0.05566350370645523,0.11262061446905135,0.14065612852573395,0.1864989846944809,0.260476291179657,0.2857705354690552,0.3562578558921814
0.06190786883234978,0.10943061113357544,0.1422729641199112,0.20786817371845245,0.25059768557548523,0.31327328085899353,0.3690076470375061
0.07313560694456099,0.10093524307012558,0.14560486376285553,0.1924687772989273,0.2440241724252701,0.3116924464702606,0.3819328546524048
0.07706224173307419,0.08843568712472916,0.14483675360679624,0.20862850546836853,0.2421984821557999,0.308586448431015,0.3744434416294098
0.03915930911898613,0.09153849631547928,0.15328441560268402,0.21106024086475367,0.2293274849653244,0.29491305351257324,0.3686128258705139
0.03019133023917675,0.08702478557825089,0.15118205547332764,0.20764228701591486,0.2665802538394928,0.3123505115509033,0.3738389313220978
0.05387048050761223,0.11513625830411912,0.1612279862165451,0.2003901451826096,0.2562020421028137,0.307512640953064,0.3523155450820923
0.05589846894145012,0.08713601529598236,0.1416252851486206,0.2018210291862488,0.26211747527122503,0.2999254465103149,0.3744519352912903
0.0717422142624855,0.1059226095676422,0.14161372184753418,0.19173584878444672,0.2363356798887253,0.3079809248447418,0.3514884114265442
0.053360402584075935,0.09312446415424347,0.16481512784957886,0.1946658492088318,0.2395043820142746,0.3059259355068207,0.3901783525943756
0.053829964250326164,0.09432176500558853,0.15726874768733978,0.19077099859714508,0.25432145595550537,0.2888733148574829,0.36661195755004883
0.04426248744130135,0.10134262591600418,0.1462511271238327,0.19680729508399966,0.2544904947280884,0.32348865270614624,0.35158342123031616
0.05807392299175264,0.10968056321144104,0.13601142168045044,0.2090991735458374,0.2443369328975677,0.3027520477771759,0.3845480680465698
0.029427416622638706,0.11804043501615526,0.1480102241039276,0.19930437207221985,0.25233981013298035,0.2960091233253479,0.37096476554870605
0.050057612359523766,0.0946403071284294,0.14956654608249664,0.18994837999343872,0.2470365762710572,0.2906526029109955,0.3720027506351471
0.05655696988105774,0.09799344837665558,0.14205704629421234,0.20874939858913424,0.2542959451675415,0.2892497181892395,0.37926721572875977
0.03511317819356918,0.08134069293737411,0.1672891527414322,0.1994558423757553,0.24644678831100464,0.31459879875183105,0.35995548963546753
0.055317189544439316,0.09382495284080504,0.15468907356262207,0.20350803434848785,0.2526484727859497,0.3086136281490326,0.37875860929489136
0.04877505823969841,0.10313425958156586,0.16976329684257507,0.20355452597141266,0.2450260519981385,0.29973840713500977,0.3639371395111084
0.04713484272360802,0.08992990851402283,0.1496102809906006,0.19572734832763672,0.2578571140766144,0.3239690661430359,0.39109399914741516
0.06346186250448227,0.1197737082839012,0.16065742075443268,0.20719866454601288,0.25546175241470337,0.2905895411968231,0.3741523325443268
0.04610610008239746,0.1111304983496666,0.1646503210067749,0.21359561383724213,0.2517998218536377,0.2924874722957611,0.37593430280685425
0.04300202801823616,0.1043870374560356,0.164078488945961,0.2018119990825653,0.2637947797775269,0.2940996587276459,0.37096986174583435
0.05748017132282258,0.10452233999967576,0.1679496467113495,0.1955907195806504,0.25144538283348083,0.3026003837585449,0.3773072063922882
0.06472217291593553,0.09013449400663376,0.1214526668190956,0.20099398493766785,0.25017866492271423,0.303995817899704,0.37369751930236816
0.0470411479473114,0.10967570543289183,0.1539926379919052,0.20925413072109225,0.25073036551475525,0.3162179887294769,0.36607491970062256
0.04884351044893265,0.09459745138883592,0.1529635637998581,0.21714362502098086,0.2712659239768982,0.3016858398914337,0.3596820533275604
0.039522983133792884,0.08082493394613266,0.14688004553318024,0.19024232029914856,0.2691006064414978,0.2783827483654022,0.36778801679611206
0.04790406674146652,0.1033739447593689,0.151315838098526,0.18458206951618195,0.2444544434547425,0.2883675694465637,0.3853311240673065
0.057042401283979416,0.10326877981424333,0.15600727498531342,0.19264480471611026,0.2491804212331772,0.2979252636432648,0.3852972388267517
0.0511154979467392,0.10396731644868852,0.13264815509319305,0.1932403147220612,0.236287459731102,0.3235471248626709,0.3583085536956787
0.04467196390032768,0.10264655947685243,0.14147794246673584,0.21985512971878046,0.2465390563011169,0.2958723306655884,0.3646995425224304
0.06118232011795044,0.09419819712638856,0.14777754247188568,0.19029471278190613,0.23346669971942904,0.28528016805648804,0.38872647285461426
0.04563567787408829,0.1105545535683632,0.14515791833400726,0.19173622131347656,0.2543306350708008,0.3050391674041748,0.3767198324203491
0.060511916875839226,0.09941602498292924,0.16427969932556152,0.19643981754779816,0.25553038716316223,0.2986512780189514,0.3579559624195099
0.06566236168146132,0.09521035104990004,0.1564149558544159,0.20495586097240448,0.2548023462295532,0.3124251961708069,0.3783011734485626
0.06252612918615341,0.10787557065486908,0.15316446125507355,0.1977442502975464,0.2344802320003509,0.310884028673172,0.3748707175254822
0.061263330280780785,0.09533949941396712,0.14443454146385193,0.1854955106973648,0.25095564126968384,0.3047524392604828,0.3819757401943207
0.05285656824707985,0.09614620357751846,0.14105519652366638,0.19015662372112274,0.23722028732299805,0.28944382071495056,0.35722899436950684
0.03855500370264053,0.10134343802928923,0.12971438467502594,0.20042984187603,0.2461378276348114,0.2827337682247162,0.36596760153770447
0.04305211827158928,0.10042839497327803,0.1615198403596878,0.2052766531705857,0.26410508155822754,0.31815215945243835,0.37617483735084534
0.060663569718599326,0.09069091826677322,0.1454734206199646,0.19827017188072205,0.24562810361385345,0.2823846936225891,0.3686974048614502
0.058269742876291275,0.09491094946861267,0.1594005525112152,0.21168306469917286,0.24874286353588104,0.3145292997360229,0.3856123089790344
0.04238617420196533,0.10462606698274612,0.17134839296340942,0.20553773641586304,0.24148789048194885,0.2874572575092316,0.36842504143714905
0.05204031988978386,0.10265222191810608,0.17317064106464386,0.19861383736133573,0.2370504289865493,0.2873609364032745,0.3723303973674774
0.03607430309057237,0.10887493193149568,0.1624862402677536,0.1832001954317093,0.2506113350391388,0.2900043725967407,0.36744242906570435
0.05383725091814995,0.08520491421222688,0.16255469620227814,0.21692948043346405,0.2558627128601074,0.3045563697814941,0.3746034801006317
0.05999814346432687,0.11439274996519087,0.12703454494476318,0.18708427250385284,0.24812676012516025,0.2970025539398193,0.3868677318096161
0.06616192311048508,0.10239819437265396,0.15826597809791565,0.18584510684013367,0.25160107016563416,0.2952162027359009,0.38214653730392456
0.04386300593614578,0.11070305854082108,0.12414289265871048,0.17618705332279205,0.2282212972640991,0.2814415097236633,0.38614562153816223
0.03814664110541344,0.09368127584457396,0.15183746814727786,0.198182612657547,0.2478543668985367,0.3092553913593292,0.37101444602012634
0.03565433993935585,0.1016007512807846,0.17314907908439636,0.19654814898967746,0.26671090722084045,0.3155878186225891,0.3893132507801056
0.046226050704717636,0.11489859223365785,0.13890163600444794,0.1959838122129441,0.24685338139534,0.3009874522686005,0.3682995140552521
0.06139117106795311,0.10255064815282824,0.1680629849433899,0.2072761207818985,0.2626418769359589,0.3002760112285614,0.37449881434440613
0.06792040914297104,0.10434761643409728,0.15367811918258667,0.20292313396930686,0.23691968619823456,0.3039819300174713,0.35003596544265747
0.045494403690099716,0.10015755891799928,0.14463794231414795,0.1981114447116852,0.2458515465259552,0.3101929426193237,0.37128308415412903
0.06752455979585648,0.08874786645174026,0.14449557662010193,0.21219851076602936,0.23451006412506106,0.3001232743263245,0.3752598166465759
0.05941629409790039,0.11355722695589066,0.15335170924663544,0.2022421658039093,0.24600017070770264,0.30600082874298096,0.3811652362346649
0.05704456567764282,0.09117091447114943,0.1447533816099167,0.20909173786640167,0.2642051875591278,0.2967246174812317,0.3699670732021332
0.04755502566695213,0.11443788558244705,0.15591657161712644,0.19849911332130432,0.2508008778095245,0.3053101301193237,0.36853107810020447
0.04733686521649362,0.09720653295516968,0.15390434861183167,0.19332528114318848,0.23892691731452945,0.2893846929073334,0.36496368050575256
0.05789932236075401,0.10040098428726196,0.15733276307582855,0.20659032464027405,0.25997987389564514,0.2879980504512787,0.3719576895236969
0.0514637716114521,0.11066598445177077,0.15414878726005554,0.1985125094652176,0.23561057448387146,0.3134330213069916,0.35936903953552246
0.054700855165719986,0.0960729569196701,0.14287778735160828,0.2193082869052887,0.2435990273952484,0.31084540486335754,0.3842426538467407
0.045078080147504807,0.09449607878923416,0.14723145961761475,0.20751138031482694,0.25779736042022705,0.27807843685150146,0.39343971014022827
0.03234299272298813,0.1057407483458519,0.15844351053237915,0.1904228925704956,0.25984787940979004,0.30101320147514343,0.3829440474510193
0.053835291415452964,0.08581537753343582,0.1632600724697113,0.20647239685058594,0.2461500316858292,0.3046739399433136,0.36774158477783203
0.054775748401880264,0.0903131142258644,0.1513032764196396,0.1985434293746948,0.2700455188751221,0.3035218715667725,0.3806459903717041
0.04580112919211388,0.08612988144159317,0.15039362013339996,0.20501989126205444,0.2549406588077545,0.2956960499286652,0.3592629134654999
0.05067538842558862,0.10301682353019714,0.16071216762065887,0.1727539300918579,0.26181790232658386,0.2972569763660431,0.3804627060890198
0.04520520195364952,0.08235808461904526,0.15086045861244202,0.20071937143802648,0.2494499385356903,0.29978445172309875,0.3695945739746094
0.04844275116920471,0.11691328883171084,0.15386629104614258,0.201081857085228,0.25454619526863104,0.31010109186172485,0.3758827745914459
0.04547024890780449,0.09654510021209717,0.1380043923854828,0.1975297629833221,0.2741934955120087,0.3005172312259674,0.36630013585090637
0.0577271617949009,0.0893515944480896,0.150246262550354,0.19388967752456665,0.2413689494132996,0.2919308841228485,0.37417787313461304
0.050133924931287766,0.09996501356363297,0.12865100800991058,0.1996944099664688,0.2603973150253296,0.2992488145828247,0.3605007231235504
0.026878129690885544,0.10439400374889374,0.1487920582294464,0.20041179656982425,0.2517196536064148,0.30659273266792303,0.3686104416847229
0.03916451334953308,0.08860710263252257,0.1509779840707779,0.17829005420207975,0.2539356052875519,0.2939690351486206,0.37396642565727234
0.05160941556096077,0.1021619513630867,0.14612142741680145,0.1916147917509079,0.26380547881126404,0.2855285108089447,0.37051814794540405
0.045416101813316345,0.1139119565486908,0.16317149996757507,0.17846019566059113,0.2546379268169403,0.3030376434326172,0.3584938943386078
0.05772225558757783,0.1173534169793129,0.1549210399389267,0.2043963074684143,0.2386455088853836,0.2996047437191009,0.35974183678627014
0.051505196839571,0.10752549767494204,0.14344340562820435,0.19659291207790366,0.2409714758396149,0.3014005422592163,0.375141978263855
0.055050719529390335,0.09176000207662582,0.14533206820487976,0.2013152986764908,0.24712881445884705,0.2878084182739258,0.374427855014801
0.041886970400810235,0.10786545276641846,0.16497310996055606,0.2237905859947205,0.2664225697517395,0.30243536829948425,0.37784555554389954
0.05714302510023118,0.09518592804670334,0.14637944102287292,0.1945122182369232,0.2503265142440796,0.3015862703323364,0.369143545627594
0.04673938453197479,0.10938769578933716,0.13659977912902832,0.19219641387462616,0.2480398863554001,0.3043230772018433,0.36982694268226624
0.030204147100448605,0.1037934198975563,0.15808627009391785,0.1855986714363098,0.24704137444496155,0.30067071318626404,0.38065749406814575
0.04758170619606972,0.10645655542612076,0.15022462606430054,0.2027701437473297,0.26859959959983826,0.3083578646183014,0.3816993236541748
0.07625111192464827,0.11543502658605576,0.14236204326152802,0.19464170932769773,0.24384905397892,0.2951910495758057,0.38977038860321045
0.057982593774795525,0.10059933364391327,0.15703989565372467,0.18426652252674106,0.2354421913623809,0.2874789535999298,0.37643757462501526
0.053012929856777184,0.09407248347997664,0.14812076091766355,0.201936274766922,0.2517037689685821,0.2930866777896881,0.38043028116226196
0.05342981591820717,0.10362526029348372,0.14438261091709134,0.21527740359306333,0.25568458437919617,0.302490770816803,0.36684736609458923
0.03269538655877113,0.08407516032457353,0.15219856798648834,0.20662091672420504,0.24469687044620514,0.3138912916183472,0.37223494052886963
0.051139384508132935,0.10754776746034622,0.1461636871099472,0.20244576036930084,0.25214990973472595,0.3121417462825775,0.3752712905406952
0.03497839719057083,0.11699363589286806,0.1501239389181137,0.2033390700817108,0.2610815167427063,0.2987700402736664,0.3723070025444031
0.07410627603530884,0.11084110289812088,0.15441538393497467,0.19947020709514607,0.23604173958301544,0.2928387224674225,0.3769221007823944
0.04996733367443085,0.07034574449062347,0.1473308652639389,0.1959097385406494,0.2394009381532669,0.2794444561004639,0.3535144031047821
0.0634930357336998,0.11871476471424106,0.15782925486564636,0.2014761865139008,0.2726219594478607,0.3054192662239075,0.35690900683403015
0.044890973716974265,0.0975922793149948,0.15044580399990082,0.20428641140460968,0.25274208188056946,0.2863699197769165,0.372745156288147
0.04438938945531845,0.11491084098815918,0.16460222005844116,0.210430771112442,0.2259000837802887,0.3138081431388855,0.3946887254714966
0.05966809391975403,0.09488075971603394,0.13947637379169464,0.1952544450759888,0.27341508865356445,0.29349377751350403,0.3599608540534973
0.0397738553583622,0.10320160537958144,0.1313709020614624,0.19965125620365146,0.249737486243248,0.2826114296913147,0.3656134307384491
0.056872248649597175,0.1061263456940651,0.14335191249847412,0.20530620217323306,0.26309463381767273,0.2736062705516815,0.3835172951221466
0.053677789866924286,0.1052776426076889,0.13767632842063904,0.2015174776315689,0.2503986954689026,0.28853839635849,0.3806245028972626
0.05266257002949715,0.0964970365166664,0.16616728901863098,0.19810588657855988,0.24419620633125305,0.3089246153831482,0.39091429114341736
0.026944955810904503,0.08668272197246553,0.15093077719211578,0.18837247788906086,0.2541328072547913,0.3021838963031769,0.3603608012199402
0.038939319550991065,0.11920493841171265,0.154872328042984,0.1731775999069214,0.24769532680511475,0.29529789090156555,0.377437949180603
0.06871761381626129,0.09665489941835403,0.14681822061538696,0.1978595852851868,0.24897590279579165,0.2861683368682861,0.3641000986099243
0.05504616722464562,0.10272018611431122,0.13899897038936615,0.18957655131816864,0.2531242668628693,0.29352906346321106,0.3656236231327057
0.056344669312238686,0.08603665232658386,0.14520025253295898,0.2199406325817108,0.2554488182067871,0.29826679825782776,0.3530866205692291
0.032014500349760056,0.09539618343114853,0.1449439376592636,0.1958409696817398,0.2461839020252228,0.3054641187191009,0.3734627068042755
0.04385552555322647,0.09279033541679382,0.1479090303182602,0.2063564509153366,0.236270159482956,0.3047069311141968,0.3677487373352051
0.051963824778795235,0.10324926674365996,0.14479078352451324,0.1910904049873352,0.2672044038772583,0.2879060506820679,0.36333969235420227
0.046903356909751885,0.09320002049207687,0.14405304193496704,0.23524828255176544,0.26807209849357605,0.30625593662261963,0.3841894865036011
0.05808567628264427,0.10184504836797714,0.1496271938085556,0.187312975525856,0.2365196794271469,0.3076547086238861,0.35656097531318665
0.06596065312623978,0.09283912181854248,0.13837145268917084,0.17291587591171265,0.2546110153198242,0.3007854223251343,0.3583627939224243
0.049937151372432716,0.098548986017704,0.15209007263183594,0.17778244614601135,0.2447925657033921,0.3065078854560852,0.3655552566051483
0.045485138893127434,0.08471053838729857,0.1641317903995514,0.2153334766626358,0.2584924697875977,0.3022747039794922,0.3866335153579712
0.05249738693237305,0.12354834377765656,0.16845360398292542,0.1885179728269577,0.2486509531736374,0.29867327213287354,0.3701532185077667
0.035900112241506583,0.09807660430669783,0.15359458327293396,0.1928263157606125,0.2546189725399017,0.2925686240196228,0.3853926360607147
0.06163481250405312,0.0958726704120636,0.12663057446479795,0.1947089433670044,0.24623824656009674,0.2859328985214233,0.35778602957725525
0.045720819383859634,0.11067718267440796,0.14946097135543826,0.18749387562274933,0.2543475329875946,0.29623597860336304,0.36158567667007446
0.053860634565353394,0.10328803211450577,0.14123870432376862,0.19099250435829165,0.2609995305538177,0.3046960830688477,0.35487043857574463
0.05161736160516739,0.10333163291215897,0.138920858502388,0.19331122934818268,0.2557228803634644,0.2909562289714813,0.37126773595809937
0.04605178162455559,0.09892235696315764,0.13970549404621124,0.20385077595710754,0.2510605454444885,0.3150209486484528,0.36960530281066895
0.048530112951993935,0.0949140563607216,0.14090819656848907,0.2092713117599488,0.2530064880847931,0.2977250814437866,0.36631447076797485
0.046739205718040466,0.11989397555589675,0.14154461026191711,0.20780286192893985,0.27208730578422546,0.3038557767868042,0.3611226975917816
0.05444241315126419,0.12674705684185028,0.14194877445697784,0.19825105369091034,0.2425998449325561,0.2924495041370392,0.375442236661911
0.027198940515518192,0.0879087820649147,0.14601397514343262,0.2098703533411026,0.258568674325943,0.276800274848938,0.3913927376270294
0.048302162438631065,0.10025165975093844,0.14693495631217954,0.1879529058933258,0.25390762090682983,0.30573132634162903,0.3528261184692383
0.04034142196178436,0.1005222275853157,0.14366760849952698,0.19911769032478333,0.24468137323856354,0.27242234349250793,0.37444549798965454
0.03942958265542984,0.1115327998995781,0.14267095923423767,0.1822719424962997,0.2497666031122208,0.2917745113372803,0.3686836063861847
0.04219378530979157,0.08302922546863556,0.14973321557044986,0.21328739821910853,0.2589237987995148,0.2982862591743469,0.34452319145202637
0.03602289780974388,0.10607360303401947,0.16026368737220764,0.1908092051744461,0.2551973462104797,0.30673840641975403,0.36303767561912537
0.05507244169712066,0.10648244619369507,0.15160603821277618,0.207936629652977,0.25272196531295776,0.3107924163341522,0.3679579198360443
0.0700070858001709,0.0938946008682251,0.15110547840595245,0.21048520505428314,0.25510966777801514,0.30580055713653564,0.37129759788513184
0.03942488133907318,0.10064656287431717,0.16418081521987915,0.19192010164260864,0.2519195377826691,0.2979996502399445,0.3763335943222046
0.056683313101530075,0.0951249822974205,0.14873413741588593,0.2000527530908585,0.25677114725112915,0.29100826382637024,0.3617132604122162
0.05435045063495636,0.08458353579044342,0.15391933917999268,0.1958783268928528,0.2590514719486237,0.30592769384384155,0.3689110577106476
0.04411144554615021,0.09891924262046814,0.147356316447258,0.17390479147434235,0.26484644412994385,0.3059782385826111,0.3542667031288147
0.04371653869748116,0.1061129868030548,0.1383899450302124,0.1922636479139328,0.25724464654922485,0.31729423999786377,0.3876228630542755
0.03481573984026909,0.10384631156921388,0.15162260830402374,0.18872633576393127,0.2565475404262543,0.3229085505008697,0.35618817806243896
0.057299248874187476,0.11476962268352507,0.1635642647743225,0.19671382009983066,0.2637593746185303,0.2966768443584442,0.3594914674758911
0.04861972481012344,0.10382575541734697,0.15282899141311646,0.17331355810165405,0.2445216029882431,0.2868905067443848,0.3531089425086975
0.035595107823610306,0.10782711207866667,0.15996085107326508,0.1952748149633408,0.25307947397232056,0.307162880897522,0.3590396046638489
0.04090815782546997,0.1080545112490654,0.14966684579849246,0.1922151297330857,0.2384708076715469,0.29469364881515503,0.36883777379989624
0.06284694373607635,0.09565544873476027,0.15214204788208008,0.2060317099094391,0.2393495589494705,0.2901129424571991,0.3812711536884308
0.05820150300860405,0.10792946815490724,0.15109415352344513,0.1937946081161499,0.25493741035461426,0.2897692322731018,0.37456992268562317
0.04516072943806648,0.0952906385064125,0.15500503778457642,0.20934994518756864,0.2365115135908127,0.2967670261859894,0.3593268096446991
0.05978618562221528,0.10573208332061768,0.1636357307434082,0.1934144496917725,0.2550307810306549,0.306782990694046,0.3589307963848114
0.04697105661034584,0.11305440217256545,0.12873771786689758,0.190574511885643,0.2477986514568329,0.29764556884765625,0.3734426200389862
0.04950138181447983,0.09597136825323103,0.16926583647727966,0.2124735563993454,0.2546292543411255,0.3070539534091949,0.3730244040489197
0.033793870359659195,0.1065986156463623,0.1482848972082138,0.1909559220075608,0.2424721866846085,0.2630450129508972,0.3659740090370178
0.04875520616769791,0.09847566485404967,0.1718091368675232,0.20493975281715401,0.25583556294441223,0.2868757545948029,0.37066060304641724
0.03783952444791794,0.1000480130314827,0.1542370766401291,0.20605972409248352,0.25156462192535395,0.2979988753795624,0.3696645200252533
0.055896975100040436,0.10583189129829408,0.11964260786771776,0.20062050223350525,0.2562834024429321,0.30870750546455383,0.3654606342315674
0.0447327233850956,0.08760175853967668,0.13933612406253815,0.1911051124334336,0.2533436119556427,0.30082473158836365,0.34422212839126587
0.06069134175777435,0.09033217281103134,0.14603769779205322,0.20178362727165225,0.2511126399040222,0.2953564524650574,0.3678229749202728
0.04395686089992523,0.09172727912664412,0.1452532559633255,0.19081009924411774,0.242527574300766,0.2985350489616394,0.3650273382663727
0.05662874504923821,0.09216143935918808,0.13746289908885956,0.2138947993516922,0.2617081999778748,0.28912293910980225,0.37963083386421204
0.048693422228097916,0.10618942975997923,0.1417391151189804,0.19105054438114166,0.2412517219781876,0.3037722706794739,0.38470152020454407
0.04576632380485535,0.08978168666362762,0.14769946038722992,0.1991413533687592,0.25019532442092896,0.28918495774269104,0.3681117296218872
0.035796232521533966,0.11501507461071014,0.1490199863910675,0.1943770945072174,0.2511661052703857,0.3214390277862549,0.37211868166923523
0.04674476385116577,0.10054199397563934,0.15651769936084747,0.18976983428001404,0.24295660853385925,0.2874766290187836,0.3612977862358093
0.05229334905743599,0.0950891301035881,0.15496733784675598,0.20174238085746765,0.2435875087976456,0.3084868192672729,0.3814060389995575
0.04499382898211479,0.08958541601896286,0.15387731790542605,0.19056324660778048,0.2551369667053223,0.3046967685222626,0.3640787601470947
0.04885154217481613,0.08226090669631958,0.15974046289920807,0.22392421960830688,0.2464538365602493,0.3095744252204895,0.3776516616344452
0.034927353262901306,0.09540943056344986,0.14311011135578156,0.21983230113983154,0.25065091252326965,0.29482147097587585,0.36503103375434875
0.05399935692548752,0.09066156297922134,0.14798112213611606,0.20061248540878296,0.2608596682548523,0.30245837569236755,0.3549584448337555
0.05959787592291833,0.1044921875,0.1471846103668213,0.1931784301996231,0.2470327913761139,0.2937674820423126,0.3857424259185791
0.049784496426582336,0.10789068043231964,0.152348592877388,0.1862105876207352,0.2511000335216522,0.30614396929740906,0.3751978576183319
0.046598903834819794,0.10457956790924072,0.15891903638839722,0.20935116708278656,0.24980078637599945,0.32464560866355896,0.3605906069278717
0.05172963812947273,0.11910414695739745,0.14637140929698944,0.19038400053977966,0.2533380091190338,0.2971596121788025,0.3793862462043762
0.030295457690954205,0.0933409035205841,0.1493254005908966,0.2058965414762497,0.2551194429397583,0.29130133986473083,0.37291473150253296
0.04799977317452432,0.1101364940404892,0.14055116474628448,0.20873519778251648,0.2334440648555756,0.28772544860839844,0.384460985660553
0.036847058683633804,0.090175598859787,0.14503027498722074,0.20097535848617554,0.2440526634454727,0.3056329190731049,0.3381306529045105
0.053271692246198654,0.09915363043546677,0.15839485824108124,0.20417052507400515,0.25976163148880005,0.27377286553382874,0.3783252239227295
0.04584016278386116,0.11239930987358092,0.14769402146339414,0.2023661434650421,0.24839676916599274,0.3029092252254486,0.35477280616760254
0.03987593576312065,0.10887663066387177,0.15922215580940247,0.1925823539495468,0.2597787082195282,0.2970002293586731,0.3655928671360016
0.04625464230775833,0.10060566663742064,0.15438368916511536,0.20720160007476807,0.25149816274642944,0.2944571077823639,0.361041396856308
0.06165152788162233,0.1058504655957222,0.1468314230442047,0.17831189930438995,0.2531099617481232,0.2907777428627014,0.36417898535728455
0.04779847711324692,0.09054601937532424,0.14893849194049835,0.17693182826042175,0.2602514326572418,0.3145444989204407,0.3652564287185669
0.060483798384666436,0.10518752783536912,0.1637241691350937,0.1910659372806549,0.2467369735240937,0.30119583010673523,0.3672730624675751
0.03388669714331627,0.1261533796787262,0.130881205201149,0.2140197902917862,0.2462764382362365,0.3064937889575958,0.37801069021224976
0.05236149951815605,0.10061247646808624,0.14924705028533936,0.18893925845623016,0.2561677098274231,0.3084152936935425,0.36343497037887573
0.052715864032506936,0.0819513127207756,0.156854048371315,0.1914722919464112,0.2492862641811371,0.2788684368133545,0.37833288311958313
0.04870039224624634,0.09257543832063676,0.15611188113689425,0.20688048005104065,0.26540011167526245,0.3058930039405823,0.37671205401420593
0.05696652457118034,0.10651668906211853,0.1509825885295868,0.2023153305053711,0.2482625991106033,0.2854074239730835,0.37778806686401367
0.05612576380372048,0.10207033902406693,0.14636147022247314,0.1871211528778076,0.2576809823513031,0.29701873660087585,0.37821754813194275
0.06052585318684577,0.09747134149074554,0.14467333257198334,0.19738894701004028,0.2645851075649261,0.3078440725803375,0.38200318813323975
0.04276510328054428,0.11320047080516815,0.16222074627876282,0.20513026416301727,0.2533659636974335,0.2955438792705536,0.3797495663166046
0.04115850478410722,0.10919139534235,0.14297471940517426,0.20230686664581304,0.2518601715564728,0.2994242310523987,0.3775161802768707
0.06986309587955475,0.10945753753185272,0.14662125706672668,0.19724206626415253,0.24339400231838226,0.30331122875213623,0.3629554212093353
0.057307202368974686,0.09761738777160643,0.14862747490406036,0.17910182476043698,0.2594607472419739,0.2952726483345032,0.37324321269989014
0.05581890419125557,0.09118823707103728,0.14235997200012207,0.19077885150909424,0.2520900070667267,0.30946967005729675,0.36585819721221924
0.07148003578186035,0.10827253758907318,0.13545309007167816,0.183811217546463,0.2522472143173218,0.30416589975357056,0.3614492118358612
0.05304468423128128,0.11542773246765135,0.15272380411624908,0.1822177767753601,0.25748324394226074,0.3047602474689484,0.3775520622730255
0.04156377911567688,0.09295362234115599,0.15068362653255465,0.20439375936985016,0.2509039342403412,0.3018271028995514,0.3708825707435608
0.03346215933561325,0.10282955318689346,0.1443471908569336,0.18954773247241974,0.2648675739765167,0.3124634623527527,0.3715570867061615
0.054193031042814255,0.10164619982242584,0.14446640014648438,0.19394539296627045,0.25065192580223083,0.2819766104221344,0.35958635807037354
0.03699116036295892,0.10008809715509416,0.147946298122406,0.1906559318304062,0.26072755455970764,0.2905822992324829,0.3730069696903229
0.04670441150665283,0.09222805500030518,0.1505330204963684,0.1930551379919052,0.265054315328598,0.29095572233200073,0.37414804100990295
0.06399422138929367,0.08974689245223999,0.1381080001592636,0.19707438349723816,0.2511569857597351,0.30363941192626953,0.3630848228931427
0.049856189638376236,0.10034802556037904,0.15413545072078705,0.19952212274074554,0.25017592310905457,0.29778623580932617,0.3764481544494629
0.041876275092363364,0.1082976683974266,0.14716695249080658,0.19012518227100367,0.27221766114234924,0.2916194498538971,0.3849446773529053
0.05406488850712776,0.11091136187314987,0.13534292578697205,0.19053123891353607,0.22088372707366946,0.3196842074394226,0.36995676159858704
0.052500076591968536,0.11359976977109908,0.16117948293685913,0.19836989045143127,0.2558479309082031,0.29222333431243896,0.38147908449172974
0.0382874496281147,0.09960726648569107,0.13616690039634705,0.20059077441692352,0.23615126311779025,0.2979558408260345,0.37362658977508545
0.06147454306483269,0.10361843556165697,0.14491385221481326,0.1805445551872253,0.2373434007167816,0.3052077293395996,0.36567333340644836
0.058997459709644325,0.10558142513036728,0.15612632036209104,0.19944877922534945,0.2715666592121124,0.3082731664180756,0.3674226403236389
0.04968522861599922,0.1070697084069252,0.1500265747308731,0.2000903338193893,0.2443642169237137,0.30594402551651,0.380083829164505
0.05398215726017952,0.0973592847585678,0.14600947499275208,0.22251373529434204,0.25715523958206177,0.3076604902744293,0.38162916898727417
0.06413701176643373,0.102748841047287,0.13375422358512878,0.2052726000547409,0.22758643329143524,0.3078077137470245,0.35838988423347473
0.05379674583673477,0.11077196151018144,0.1375724822282791,0.22206485271453846,0.25009500980377203,0.29894357919692993,0.3706376850605011
0.06073047965765,0.09494800120592116,0.1685791313648224,0.19348663091659546,0.23856401443481445,0.29138606786727905,0.36122339963912964
0.05476498603820802,0.08580625057220459,0.15303471684455872,0.1987810134887696,0.2445268481969833,0.2985233962535858,0.36531203985214233
0.05522041395306587,0.10570957511663437,0.15063166618347168,0.20577244460582733,0.26664504408836365,0.2938162684440613,0.37194687128067017
0.03897972777485848,0.08412566781044006,0.13325177133083346,0.21065297722816467,0.25369846820831304,0.3036082983016968,0.36830994486808777
0.06168556213378906,0.09323851764202118,0.13908490538597107,0.1904408186674118,0.23734526336193085,0.31152549386024475,0.36999455094337463
0.04321635887026787,0.10211852937936784,0.1460021585226059,0.19201542437076569,0.2445538192987442,0.300396591424942,0.37762632966041565
0.05596797540783882,0.10509763658046722,0.1528059095144272,0.18562325835227966,0.24558888375759125,0.28681376576423645,0.36721721291542053
0.054440852254629135,0.10604944825172424,0.14351806044578552,0.19942942261695865,0.2491219639778137,0.2920815348625183,0.3758391737937927
0.04933317005634308,0.09529376029968263,0.15188026428222656,0.19457502663135529,0.2453338354825973,0.297541618347168,0.38114243745803833
0.05780717357993126,0.08277294784784317,0.15482716262340546,0.2075504958629608,0.23886893689632416,0.2956571877002716,0.3722735047340393
0.054680921137332916,0.09308000653982162,0.14798219501972198,0.21026557683944705,0.2446866184473037,0.3023785352706909,0.3713621497154236
0.04541494324803352,0.0968424528837204,0.1535630077123642,0.2137143611907959,0.2487679570913315,0.2961167097091675,0.3658025860786438
0.05086972191929817,0.09149319678544998,0.16797220706939694,0.19059084355831146,0.2479966878890991,0.316775918006897,0.37717103958129883
0.06608971208333969,0.09200625866651536,0.15714868903160095,0.21017193794250488,0.2577805817127228,0.3109374046325684,0.35673147439956665
0.03785373270511627,0.10852468758821487,0.15506276488304138,0.2016381174325943,0.2435699105262757,0.29909512400627136,0.37473875284194946
0.02898460254073143,0.0872218906879425,0.14379386603832245,0.2052934765815735,0.2523830533027649,0.2988525331020355,0.36404499411582947
0.06283801794052124,0.09997107088565826,0.15705639123916626,0.19427858293056488,0.2549884915351868,0.28232306241989136,0.3605896532535553
0.050537165254354484,0.08802741765975952,0.13533976674079895,0.2034225910902024,0.2469703108072281,0.3012998402118683,0.3664666712284088
0.043399590998888016,0.10009986907243727,0.16185642778873446,0.20758993923664093,0.2519439458847046,0.3040221631526947,0.3736570179462433
0.034447744488716125,0.09518164396286012,0.13921944797039032,0.20360440015792847,0.24473398923873896,0.2885092794895172,0.39131489396095276
0.0494748018682003,0.09263185411691666,0.1589394509792328,0.1850004643201828,0.2542766034603119,0.2936849594116211,0.37570902705192566
0.02747165784239769,0.1001484990119934,0.15316060185432434,0.20798887312412265,0.2527213990688324,0.2874078452587128,0.36904725432395935
0.0665949359536171,0.10141621530056,0.1462414264678955,0.1979289799928665,0.2371146231889725,0.2873638272285461,0.36426761746406555
0.06961404532194138,0.0947071835398674,0.1530563235282898,0.17099450528621676,0.2537557780742645,0.3093453347682953,0.36344635486602783
0.04561680555343628,0.11245983093976973,0.15655659139156342,0.19838321208953846,0.2469181567430496,0.2968618869781494,0.35616132616996765
0.04741495475172997,0.09094845503568648,0.14731168746948242,0.1914586126804352,0.24707573652267456,0.3002399206161499,0.36709827184677124
0.052147068083286285,0.11471272259950638,0.13570961356163025,0.2157278656959533,0.2568959593772888,0.30134060978889465,0.36285698413848877
0.04604407399892807,0.08298037946224213,0.15522651374340055,0.20252078771591187,0.2341405898332596,0.3007035851478577,0.3668813109397888
0.03647097200155258,0.10958755016326904,0.16140106320381165,0.19478170573711395,0.2448146939277649,0.2842962145805359,0.3712148368358612
0.02866117656230926,0.08758260309696198,0.13850444555282593,0.1988158822059632,0.2497284859418869,0.3143613040447235,0.35261473059654236
0.035432517528533936,0.08723165839910507,0.14538642764091492,0.21438956260681152,0.25071361660957336,0.2894517183303833,0.38875752687454224
0.052821338176727295,0.09835751354694366,0.1356104612350464,0.20357368886470795,0.2459591776132584,0.2880257368087769,0.3806610703468323
0.06545483320951463,0.11121851205825806,0.1631045639514923,0.20807360112667084,0.2485344409942627,0.2847402989864349,0.35190001130104065
0.04243528470396996,0.09476353973150252,0.146971195936203,0.20395083725452426,0.2478770613670349,0.3040963411331177,0.36806297302246094
0.0630098283290863,0.09684236347675323,0.14760179817676544,0.2090232223272324,0.2454510927200317,0.2952767610549927,0.3708989918231964
0.043228253722190864,0.11304986476898192,0.13605669140815735,0.19611439108848566,0.2446037530899048,0.29107752442359924,0.36901721358299255
0.04649320617318154,0.11237740516662598,0.14728029072284698,0.2191531211137772,0.2437818348407745,0.3095234632492065,0.3535161018371582
0.04896366968750954,0.09908750653266908,0.16165795922279358,0.197435274720192,0.25167524814605713,0.299243837594986,0.36599788069725037
0.05882811173796654,0.1048918217420578,0.13371072709560394,0.21133124828338626,0.2726155817508697,0.3011344373226166,0.36805760860443115
0.04593228548765183,0.10594692081212996,0.15635478496551514,0.21017388999462128,0.2605282664299011,0.3006419837474823,0.3561980426311493
0.05042556673288345,0.09329647570848464,0.15353327989578247,0.1815209835767746,0.266964852809906,0.29397061467170715,0.36876553297042847
0.058574207127094276,0.11138641834259032,0.14379040896892548,0.21675078570842746,0.2370674014091492,0.3069172203540802,0.3658748269081116
0.03237495198845863,0.09961004555225372,0.13521137833595276,0.210787370800972,0.23791249096393585,0.3106256127357483,0.36480340361595154
0.058572132140398026,0.11583086848258972,0.15979547798633575,0.18945445120334625,0.2531281113624573,0.29679930210113525,0.371268093585968
0.059264324605464935,0.08380914479494095,0.15665584802627566,0.20598138868808746,0.24415937066078186,0.30789655447006226,0.3828643560409546
0.05092518776655197,0.10204052925109863,0.14992499351501465,0.1878410577774048,0.2500951290130615,0.28897973895072937,0.3728905916213989
0.056493021547794335,0.1093623861670494,0.16359886527061462,0.2093201428651809,0.2510692775249481,0.2992546856403351,0.3847475051879883
0.05998197942972184,0.10393210500478743,0.13888950645923615,0.19710208475589752,0.2510606050491333,0.3054236471652985,0.3539052903652191
0.059216633439064026,0.1128685623407364,0.1594870388507843,0.19715212285518646,0.2613690495491028,0.2994321584701538,0.38196760416030884
0.049579355865716934,0.09771450608968736,0.14896872639656067,0.18548113107681274,0.2634168863296509,0.3131788969039917,0.36873987317085266
0.032690607011318214,0.10038531571626663,0.16012948751449585,0.19626611471176147,0.2447671890258789,0.31048384308815,0.3669925332069397
0.045653171837329865,0.08229713886976242,0.16700990498065948,0.17574937641620636,0.2620227336883545,0.3060783743858337,0.3710816502571106
0.05947971343994141,0.11058851331472397,0.15039312839508054,0.19321151077747345,0.24670906364917755,0.29568058252334595,0.3793239891529083
0.057563763111829765,0.09895747154951096,0.147874653339386,0.2078307569026947,0.26591214537620544,0.2998192310333252,0.37010303139686584
0.050911955535411835,0.09969256073236464,0.1473335474729538,0.1921824365854264,0.27601104974746704,0.30334004759788513,0.3837229609489441
0.056100036948919296,0.09872666746377944,0.16032493114471436,0.1925380825996399,0.2453056275844574,0.2862498760223389,0.3526465594768524
0.04522993043065071,0.07660529762506485,0.14226509630680084,0.20894736051559448,0.247552752494812,0.2909766435623169,0.3718591332435608
0.043951451778411865,0.10293763130903244,0.14818456768989566,0.1962326020002365,0.2336635738611221,0.3031354546546936,0.37836599349975586
0.03845078498125076,0.07989452034235,0.11923039704561235,0.17561447620391846,0.2317796349525452,0.2973959147930145,0.36731189489364624
0.04653167724609375,0.08832945674657823,0.13395090401172638,0.2093349397182465,0.2350637465715409,0.2932341396808624,0.3770963251590729
0.06121146678924561,0.1009535789489746,0.15457165241241455,0.2050013542175293,0.2389967441558838,0.31063154339790344,0.38644933700561523
0.04700983315706253,0.10354340076446532,0.1505279839038849,0.2099096179008484,0.2409902662038803,0.28703781962394714,0.3579336404800415
0.053672567009925835,0.10992704331874847,0.1657015085220337,0.19820575416088104,0.23778729140758514,0.2982555329799652,0.36018815636634827
0.03745657578110695,0.09360973536968233,0.13198469579219818,0.1959485560655594,0.2618571519851685,0.2960360944271088,0.3567250072956085
0.05645761638879776,0.1247674748301506,0.14083397388458252,0.20807984471321106,0.2432716190814972,0.2996425330638885,0.3631497621536255
0.06029995158314705,0.09235269576311113,0.1429712027311325,0.20147836208343506,0.2405620217323303,0.2974606156349182,0.3769626021385193
0.050958529114723206,0.09491773694753647,0.15139175951480865,0.19787366688251493,0.23229141533374786,0.29943883419036865,0.35669445991516113
0.046520151197910316,0.11651989817619325,0.14762456715106964,0.1970593482255936,0.2504447102546692,0.29210105538368225,0.3645046055316925
0.05535927787423134,0.08942764997482301,0.16250330209732056,0.1989931166172028,0.2498287558555603,0.30923372507095337,0.3520429730415344
0.04843567684292793,0.07988370209932327,0.1549452394247055,0.190450206398964,0.25573495030403137,0.3050140142440796,0.36683419346809387
0.0441775768995285,0.10506463050842284,0.15519990026950836,0.2011493593454361,0.25731682777404785,0.3106833100318909,0.3530322313308716
0.04639163985848427,0.10859454423189163,0.17008177936077118,0.1972959190607071,0.2376583367586136,0.3081660866737366,0.38957667350769043
0.04024064168334007,0.08988391607999803,0.13865238428115845,0.19612188637256625,0.2518822550773621,0.2815140187740326,0.36162346601486206
0.04845656082034111,0.09880804270505904,0.15797469019889832,0.1923881620168686,0.2470070868730545,0.30335819721221924,0.3812354505062103
0.03401930257678032,0.10119447112083436,0.1434601992368698,0.1914336085319519,0.24848611652851105,0.3088541924953461,0.3651902377605438
0.055727098137140274,0.10963760316371918,0.14127099514007568,0.1999357789754868,0.2500839531421661,0.3042508661746979,0.3805001378059387
0.04556436091661453,0.10864201933145523,0.14930689334869385,0.19152960181236267,0.2473403811454773,0.3108799159526825,0.36552825570106506
0.04935910925269127,0.09653611481189728,0.14840346574783325,0.2082817554473877,0.2579360902309418,0.3074108064174652,0.36276131868362427
0.057234421372413635,0.10265052318572998,0.13634803891181946,0.18867790699005127,0.27438297867774963,0.30459561944007874,0.3654880225658417
0.05801022797822952,0.09142639487981796,0.1546063870191574,0.2098541557788849,0.2563845217227936,0.297428160905838,0.35532107949256897
0.044127125293016434,0.09772269427776337,0.158742755651474,0.19889290630817413,0.2623868882656097,0.2779408097267151,0.36592912673950195
0.051368780434131615,0.0970606654882431,0.1518760770559311,0.19674810767173767,0.2539215087890625,0.2950457334518433,0.36955493688583374
0.04197073355317117,0.08709009736776352,0.1595912128686905,0.21710039675235748,0.25271859765052795,0.3186909556388855,0.38467538356781006
0.05138861760497093,0.09580538421869278,0.1546458750963211,0.20902566611766807,0.245037779211998,0.2785713076591492,0.3611994683742523
0.05958014726638794,0.09324967116117476,0.1436035931110382,0.1993512064218521,0.26862889528274536,0.3211945593357086,0.3572070002555847
0.06232364475727081,0.10120104998350143,0.1406715363264084,0.2065397202968597,0.2498184591531753,0.3253509402275085,0.3667678236961365
0.04392961040139198,0.093120239675045,0.12437963485717772,0.20784251391887665,0.2264855504035949,0.3015022575855255,0.34895938634872437
0.03720053657889366,0.10042999684810636,0.15441195666790009,0.20398865640163424,0.2489060461521149,0.29988643527030945,0.38061314821243286
0.06370840966701508,0.1062583178281784,0.15329810976982114,0.20585988461971289,0.2409089654684067,0.2955276668071747,0.35283949971199036
0.04504648968577385,0.08890219032764435,0.13472111523151398,0.1966012716293335,0.23489998281002045,0.29511386156082153,0.38169559836387634
0.04834214225411415,0.09756165742874147,0.14216864109039307,0.20801346004009247,0.2545264661312103,0.30288586020469666,0.3673919439315796
0.05915271863341332,0.10972749441862106,0.14828045666217804,0.20646508038043976,0.2724028825759888,0.2921590209007263,0.3675241470336914
0.042315308004617684,0.12152040749788286,0.1551913022994995,0.1923660784959793,0.2489255368709564,0.3089347779750824,0.3580750524997711
0.03156289085745812,0.09043270349502563,0.15496782958507538,0.20757079124450686,0.24775953590869906,0.3054099082946777,0.37207433581352234
0.05350881814956665,0.08150652050971985,0.1487102508544922,0.1817327439785004,0.2416242063045501,0.30892306566238403,0.3629550039768219
0.0466240756213665,0.1108337938785553,0.14077168703079224,0.21255947649478912,0.25832778215408325,0.28603604435920715,0.36524730920791626
0.042515989392995834,0.10196363180875777,0.1541488617658615,0.2181764096021652,0.22565703094005585,0.28152260184288025,0.3713480234146118
0.04437556862831117,0.1149529591202736,0.15068458020687106,0.19037997722625727,0.2547464966773987,0.3035884499549866,0.3558714687824249
0.05654483288526535,0.1066002994775772,0.1511325240135193,0.1975098252296448,0.2388372123241425,0.2973155379295349,0.3736715614795685
0.045147042721509933,0.09108329564332962,0.1554696261882782,0.20835258066654205,0.2680381536483765,0.3154107332229614,0.3643572926521301
0.06556421518325806,0.09201325476169586,0.15078364312648773,0.20714223384857167,0.22924646735191345,0.2898649275302887,0.37381479144096375
0.03409957140684128,0.10505957156419754,0.15242473781108856,0.20869903266429896,0.2640720903873444,0.28504979610443115,0.3644491136074066
0.05551891401410103,0.11786025762557985,0.15855184197425842,0.2135387063026428,0.23746053874492645,0.29662829637527466,0.35660749673843384
0.06379760801792145,0.1033160462975502,0.1435716152191162,0.19223348796367645,0.24345409870147705,0.3050515651702881,0.3862021863460541
0.03208690509200096,0.09283077716827393,0.15547634661197662,0.19606409966945648,0.25746777653694153,0.2965400516986847,0.3773517608642578
0.07197019457817078,0.09004221111536026,0.1475517302751541,0.19841483235359192,0.2544049322605133,0.3160515129566193,0.3772266209125519
0.04760855808854103,0.09081245958805084,0.1427987515926361,0.20201803743839264,0.2591878771781921,0.30941975116729736,0.36933884024620056
0.058041363954544074,0.09424971789121628,0.14300908148288727,0.20830750465393064,0.2497012764215469,0.2994263768196106,0.3720957040786743
0.0605185478925705,0.08615342527627945,0.14046058058738708,0.2010214924812317,0.24294425547122955,0.3019985854625702,0.36329928040504456
0.06021718308329582,0.1017436534166336,0.1603601574897766,0.2076915055513382,0.2437287271022797,0.2969366312026977,0.3750135898590088
0.05881067365407944,0.09773964434862137,0.16377386450767514,0.17683358490467072,0.24692249298095706,0.2967270612716675,0.3534250557422638
0.05531445518136025,0.08392554521560669,0.14099061489105225,0.21120046079158786,0.25105440616607666,0.2953937947750092,0.33476534485816956
0.05095536634325981,0.09175267815589903,0.16430269181728366,0.2103406637907028,0.2542802393436432,0.3046454787254333,0.3550911843776703
0.0372992604970932,0.10103843361139296,0.16904720664024353,0.2129959464073181,0.2420254647731781,0.2902407646179199,0.37670189142227173
0.037836652249097824,0.09839384257793428,0.16710704565048218,0.21285024285316467,0.2499300390481949,0.2920440435409546,0.36759623885154724
0.05462861061096192,0.11674482375383376,0.16034133732318878,0.2020021229982376,0.27364376187324524,0.31675881147384644,0.37057429552078247
0.05608261376619339,0.10471604764461516,0.15003353357315066,0.18839241564273834,0.24818265438079834,0.2962323725223541,0.38317859172821045
0.05896862968802453,0.1136634349822998,0.15698881447315216,0.20275534689426425,0.2457081973552704,0.3181699514389038,0.37323176860809326
0.057884976267814636,0.0913182646036148,0.1513131707906723,0.18177129328250885,0.2464042603969574,0.2787356972694397,0.3762926757335663
0.04600172489881516,0.1060556024312973,0.14082872867584229,0.2194357067346573,0.237354576587677,0.28141677379608154,0.374790221452713
0.06332568824291229,0.08577849715948105,0.16238051652908325,0.18495570123195648,0.2336577177047729,0.2865414619445801,0.370357871055603
0.03815251961350441,0.11336418241262435,0.15241211652755735,0.1889047026634217,0.262734591960907,0.2909800410270691,0.36482933163642883
0.031381338834762566,0.09997998923063277,0.14566341042518616,0.2134390324354172,0.2506055533885956,0.2768998146057129,0.3702426254749298
0.06611920148134233,0.07949537038803099,0.1462605595588684,0.18443432450294486,0.2362406998872757,0.28783267736434937,0.35031089186668396
0.055377963930368417,0.1012631505727768,0.12923528254032135,0.19562928378582,0.2298830896615982,0.292096346616745,0.36516880989074707
0.06410355865955353,0.09109751135110856,0.1506289392709732,0.1902935355901718,0.2507750689983368,0.2883519232273102,0.38105955719947815
0.05942303314805032,0.10840125381946564,0.14913994073867798,0.2033957988023758,0.25693145394325256,0.3031572699546814,0.3698712885379791
0.0427478514611721,0.1073969379067421,0.1366320252418518,0.20504510402679446,0.2438719272613525,0.2925997078418732,0.37893107533454895
0.05168960988521576,0.09251142293214798,0.14668992161750793,0.20199063420295715,0.2501271069049835,0.2881025075912476,0.3748164772987366
0.057700540870428085,0.07876377552747726,0.15206053853034973,0.20223155617713928,0.24992142617702484,0.2995011508464813,0.3739326596260071
0.05073690414428711,0.09697835892438887,0.16782483458518982,0.18755796551704407,0.2588409185409546,0.3072759807109833,0.37192830443382263
0.0538506917655468,0.11873974651098253,0.15207146108150482,0.20969916880130768,0.2507185637950897,0.3151997923851013,0.3684189021587372
0.05940863862633705,0.0777132660150528,0.15891991555690765,0.20174695551395416,0.2466655522584915,0.2936229407787323,0.3685770630836487
0.06330767273902893,0.09376845508813858,0.13187548518180847,0.1995660364627838,0.2526930272579193,0.2981698513031006,0.36196571588516235
0.0457986406981945,0.11410987377166748,0.1658443659543991,0.19607095420360565,0.24699680507183075,0.2989610433578491,0.35690852999687195
0.04282216727733612,0.09858755022287367,0.17337168753147125,0.20814812183380127,0.2462418973445893,0.2805187404155731,0.3798326551914215
0.03789244219660759,0.09247098118066788,0.14639654755592346,0.19134953618049624,0.2290336638689041,0.2919805645942688,0.3665611445903778
0.05967101454734802,0.09255857020616533,0.14011922478675842,0.2048562318086624,0.25805896520614624,0.3015798032283783,0.3746642768383026
0.04867740720510483,0.11001773923635484,0.16038312017917633,0.17799590528011322,0.26199132204055786,0.2966753840446472,0.3775501549243927
0.03799571841955185,0.08782670646905899,0.1559373140335083,0.1840577870607376,0.2623494565486908,0.3038147985935211,0.3790595531463623
0.05673816055059432,0.10961370915174484,0.12990131974220276,0.2051390856504441,0.2449340522289276,0.28759080171585083,0.36103174090385437
0.058712325990200036,0.09628452360630037,0.1520504653453827,0.2147963494062424,0.2529253363609314,0.2940884232521057,0.3868098855018616
0.06858045607805252,0.1150326132774353,0.13972967863082886,0.20003090798854828,0.2521854937076569,0.3213101327419281,0.3782711923122406
0.04431935399770737,0.09275126457214357,0.1523292511701584,0.2129112035036087,0.2548619508743286,0.2965704202651977,0.3794475495815277
0.06980554759502411,0.09690797328948976,0.13526050746440887,0.1853506863117218,0.2451578974723816,0.27291837334632874,0.3761947751045227
0.056006107479333885,0.09219016134738922,0.13667935132980347,0.18462634086608887,0.2483341842889785,0.30196431279182434,0.3791572153568268
0.04000896960496903,0.09043722599744797,0.13174821436405182,0.1738189458847046,0.2528858780860901,0.2955121099948883,0.37886446714401245
0.049165412783622735,0.10768389701843263,0.14449739456176758,0.18359896540641785,0.24057528376579285,0.3043339550495148,0.3630596101284027
0.03679731860756874,0.10239621996879578,0.14837031066417694,0.20155970752239227,0.26323771476745605,0.2989756464958191,0.3896767795085907
0.06027312949299812,0.10636013746261597,0.14191411435604095,0.20088273286819447,0.2449173331260681,0.29857319593429565,0.37407785654067993
0.04944637417793274,0.08334003388881682,0.11579665541648865,0.1858760118484497,0.25148752331733704,0.2741641104221344,0.3842373192310333
0.06438646465539932,0.08419466763734818,0.1487894356250763,0.20249804854393005,0.25358226895332336,0.2962226271629333,0.36750081181526184
0.040367718786001205,0.1066012904047966,0.1441466063261032,0.1997615247964859,0.240558922290802,0.31017404794692993,0.35454514622688293
0.03854437544941902,0.09153938293457033,0.12866578996181488,0.20766520500183105,0.2601529955863953,0.3108154833316803,0.35905054211616516
0.035874832421541214,0.10086307674646378,0.1370762139558792,0.20460504293441767,0.2421748638153076,0.319701611995697,0.37154096364974976
0.0386948361992836,0.11444555222988127,0.16552771627902985,0.20013965666294087,0.2429015040397644,0.3004693686962128,0.3657517433166504
0.06537222117185593,0.09307914227247238,0.15450116991996765,0.21494781970977786,0.2464576214551925,0.296089380979538,0.3863680958747864
0.05637003481388093,0.10111458599567412,0.15154066681861875,0.1845429241657257,0.2569634020328522,0.2928692102432251,0.36541885137557983
0.04541702568531037,0.09544653445482254,0.1358397752046585,0.19966749846935272,0.26472532749176025,0.29611101746559143,0.37292659282684326
0.03836681693792343,0.113222174346447,0.12293599545955658,0.1963724792003632,0.2574402987957001,0.3019249737262726,0.3620191514492035
0.04611657187342644,0.1103515401482582,0.1428881734609604,0.19135521352291107,0.2570275366306305,0.2927682101726532,0.3728664517402649
0.06541039049625398,0.09285496175289154,0.17897269129753113,0.18727944791316986,0.26497021317481995,0.2950449883937836,0.3733307123184204
0.04734505712985992,0.08493897318840027,0.14514653384685516,0.1992618888616562,0.24698227643966675,0.30831378698349,0.377301424741745
0.05325747281312943,0.10144998878240584,0.1371566653251648,0.1800147145986557,0.2514812648296356,0.2967328131198883,0.35207346081733704
0.04404447227716446,0.09399089217185974,0.15580080449581146,0.18790344893932345,0.2422800958156585,0.30699220299720764,0.38160353899002075
0.048104479908943176,0.09017433226108552,0.1354689598083496,0.1995452642440796,0.2515351474285126,0.2994612157344818,0.37423354387283325
0.04471724852919578,0.10564787685871124,0.13039825856685638,0.20164687931537628,0.2451567351818085,0.302890419960022,0.3568044602870941
0.044653501361608505,0.1045871004462242,0.14479553699493408,0.21013370156288147,0.26562589406967163,0.2936292886734009,0.36697813868522644
0.04789436236023903,0.09836779534816742,0.15070952475070953,0.18477874994277954,0.2635138034820557,0.30819299817085266,0.35929468274116516
0.039319291710853584,0.09624931216239928,0.14765016734600067,0.2023143768310547,0.25152096152305603,0.3123103082180023,0.3796325623989105
0.055414248257875436,0.1098051741719246,0.14789149165153506,0.2061297595500946,0.262298047542572,0.28313085436820984,0.3690336048603058
0.062120810151100166,0.1113368421792984,0.14969484508037567,0.1956894248723984,0.2545125782489777,0.2827639877796173,0.3840063512325287
0.05326200649142265,0.10693376511335373,0.1569216400384903,0.18935562670230865,0.24169869720935824,0.3048279881477356,0.37334543466567993
0.036522295325994485,0.10759112238883972,0.14422345161437988,0.19937936961650848,0.2415459454059601,0.3006787598133087,0.3849387466907501
0.05015392601490021,0.10126026719808576,0.14635786414146426,0.20269960165023804,0.2419792711734772,0.3088446855545044,0.3669144809246063
0.059916339814662926,0.09452124685049056,0.14054206013679504,0.20895619690418246,0.26025307178497314,0.2960832715034485,0.37054941058158875
0.05035915970802307,0.08848390728235245,0.1578391194343567,0.19902503490448,0.2406670898199081,0.28996777534484863,0.3729293644428253
0.057211782783269875,0.10906471312046052,0.12567146122455594,0.20293152332305908,0.2536014914512634,0.2976398468017578,0.3693976402282715
0.05790767073631287,0.08652637898921968,0.16139423847198486,0.18626929819583893,0.2496927380561829,0.28944602608680725,0.3720281422138214
0.052255142480134964,0.10523653030395508,0.1505720019340515,0.19504667818546287,0.26072466373443604,0.2953706681728363,0.3775179982185364
0.049984950572252274,0.09817375987768172,0.1659214049577713,0.19222547113895416,0.2455627918243408,0.2744485735893249,0.36760854721069336
0.035296708345413215,0.10901660472154616,0.1734973043203354,0.20131129026412964,0.2451857179403305,0.30155491828918457,0.3701179623603821
0.05324718728661537,0.0987633764743805,0.15891584753990173,0.18728312849998474,0.2719858884811401,0.2984063327312469,0.36973056197166443
0.03800924867391586,0.10540074110031128,0.14842277765274048,0.18208947777748108,0.2511354684829712,0.29603904485702515,0.37441638112068176
0.058267783373594284,0.0967329517006874,0.1414523720741272,0.17663714289665222,0.2357769012451172,0.31196436285972595,0.3741663694381714
0.03777642548084259,0.08965764194726944,0.13479161262512207,0.2018740177154541,0.25483572483062744,0.2827699184417725,0.3769644796848297
0.06100151687860489,0.09809354692697524,0.15642233192920685,0.19465844333171844,0.25173988938331604,0.28842464089393616,0.38480573892593384
0.055665675550699234,0.0929832085967064,0.14966335892677307,0.19344386458396912,0.2562713921070099,0.29998424649238586,0.3484659492969513
0.05334588885307312,0.10488804429769516,0.17298084497451782,0.1991138756275177,0.2653998136520386,0.31168466806411743,0.3659600615501404
0.07400014251470566,0.10174012929201126,0.1620371788740158,0.1997903287410736,0.2509289085865021,0.3125860393047333,0.38478124141693115
0.0594930499792099,0.11256662756204604,0.17154106497764587,0.18354640901088715,0.24248822033405304,0.2937546670436859,0.37789031863212585
0.05191315710544586,0.10397735983133316,0.15744517743587494,0.21481598913669586,0.2490648180246353,0.29659655690193176,0.3719000220298767
0.048848532140254974,0.09242857992649076,0.14932364225387573,0.20949457585811607,0.25349268317222595,0.29890671372413635,0.36894190311431885
0.05583387240767479,0.097515769302845,0.15324819087982178,0.19816336035728446,0.2538696229457855,0.3007563650608063,0.3573364317417145
0.0592355914413929,0.1078784316778183,0.13401955366134646,0.2017590403556824,0.2437200099229813,0.30751436948776245,0.377323716878891
0.05859206989407539,0.10024935007095337,0.15481813251972198,0.20094262063503265,0.24445879459381106,0.3045797049999237,0.3608229458332062
0.047132402658462524,0.09282121062278748,0.13807328045368195,0.2001165002584457,0.2528163194656372,0.3051656484603882,0.36038246750831604
0.06164170429110528,0.10267341881990433,0.15105409920215607,0.19439631700515747,0.2553151845932007,0.29500046372413635,0.354743093252182
0.04928456619381905,0.1040484681725502,0.13106611371040344,0.2022695988416672,0.2544155120849609,0.30139052867889404,0.3816489577293396
0.048673011362552636,0.0835142582654953,0.16063353419303894,0.20363417267799366,0.25970470905303955,0.3051455020904541,0.37044429779052734
0.0549951046705246,0.09385824203491212,0.1384420245885849,0.2058115005493164,0.2521227300167084,0.3062227666378021,0.34615904092788696
0.05890898779034615,0.09026363492012024,0.15484687685966492,0.1902253180742264,0.26768702268600464,0.277502715587616,0.35216033458709717
0.0336897112429142,0.08186730742454529,0.1561291515827179,0.20153224468231198,0.23523737490177155,0.30081313848495483,0.37056881189346313
0.0688551664352417,0.0941343605518341,0.1567758023738861,0.1879289150238037,0.25568339228630066,0.299911767244339,0.3883434236049652
0.053341493010520935,0.10143762826919556,0.1600974053144455,0.2080407440662384,0.25519755482673645,0.2777255475521088,0.37563636898994446
0.04666135087609291,0.11751285940408708,0.1433320939540863,0.19701427221298207,0.2414271682500839,0.2848595976829529,0.3711375892162323
0.055255647748708725,0.10145890712738036,0.15054790675640106,0.19956740736961365,0.2552739679813385,0.3051426708698273,0.3790210783481598
0.031016932800412175,0.09530016034841536,0.13155215978622434,0.20887848734855646,0.2539379596710205,0.30199798941612244,0.381588339805603
0.06448483467102051,0.11360280960798265,0.14592812955379486,0.2007456123828888,0.24823522567749026,0.3028307855129242,0.3736833930015564
0.048510979861021035,0.10357014834880827,0.13941091299057007,0.21249693632125846,0.2658438980579376,0.29694899916648865,0.36809858679771423
0.054655395448207855,0.11363865435123445,0.1497364044189453,0.19405262172222126,0.2491845786571503,0.2884624302387237,0.36142095923423767
0.05354016646742821,0.09381041675806047,0.1657864898443222,0.1926993429660797,0.24020247161388397,0.2942506670951843,0.3738259971141815
0.05341378226876259,0.10308707505464554,0.16113027930259705,0.21208584308624268,0.2388293594121933,0.30489152669906616,0.35330018401145935
0.05024877190589905,0.09940612316131593,0.1379912495613098,0.19769616425037384,0.25481116771698004,0.2940053641796112,0.3697035312652588
0.05044965445995332,0.09461459517478944,0.16218659281730652,0.1904796063899994,0.247969388961792,0.31491562724113464,0.3769981265068054
0.04604576155543327,0.0945746898651123,0.14576950669288635,0.20615974068641665,0.2425429821014405,0.2993065714836121,0.36397719383239746
0.05604112148284912,0.10257525742053986,0.1226438656449318,0.19483314454555511,0.2438558787107468,0.30940020084381104,0.3770787715911865
0.032089270651340485,0.1012636199593544,0.14287155866622925,0.19785384833812714,0.2465386092662812,0.2894603908061981,0.38400688767433167
0.053829353302717216,0.1055227667093277,0.15046194195747375,0.1821235865354538,0.252378523349762,0.3146885931491852,0.36431896686553955
0.05978260934352875,0.1044824719429016,0.14216852188110352,0.18962572515010834,0.2442471086978913,0.30159831047058105,0.36863213777542114
0.059625513851642616,0.10063114017248154,0.1602516770362854,0.2168115675449372,0.247527614235878,0.2936030030250549,0.3724687695503235
0.0478140152990818,0.08917678147554398,0.14937634766101834,0.1898832321166992,0.2487808018922805,0.2935256063938141,0.375693678855896
0.04915723577141762,0.1148400753736496,0.15038369596004486,0.20692135393619526,0.26139658689498896,0.29605332016944885,0.37277719378471375
0.05118619650602341,0.1187651976943016,0.15859653055667874,0.208141565322876,0.2476644665002823,0.29930469393730164,0.3721301257610321
0.05983700230717659,0.09160725027322768,0.15722572803497314,0.2043311148881912,0.2575678527355194,0.3079244792461395,0.3638429045677185
0.045970138162374496,0.09862251579761504,0.14205792546272278,0.20656681060791016,0.2487715780735016,0.303120493888855,0.3575223386287689
0.0466291643679142,0.10573236644268036,0.14520522952079773,0.18365904688835144,0.2509213387966156,0.30923062562942505,0.3698471486568451
0.051658179610967636,0.10608133673667908,0.16106876730918884,0.20507727563381195,0.24071964621543884,0.303305447101593,0.3633024990558624
0.05886116996407509,0.11105804145336153,0.16611188650131226,0.20699113607406616,0.2633781731128693,0.29384249448776245,0.3699938654899597
0.0642741397023201,0.09345666319131853,0.16116070747375488,0.20593880116939545,0.2537189722061157,0.3163065016269684,0.37064921855926514
0.05589185282588005,0.11032339185476303,0.13473300635814667,0.2085382640361786,0.2468327283859253,0.3190756440162659,0.36778807640075684
0.06989582628011702,0.08452707529067993,0.14320187270641327,0.2123647183179856,0.24806761741638186,0.29986587166786194,0.3603438436985016
0.05770775675773621,0.10396791994571686,0.14899998903274536,0.1995889246463776,0.2683938145637512,0.2941451072692871,0.36211156845092773
